createdAt;message;source
2022-12-14 16:26:51.582;jacebenson,ask,,55;/functions/scribe
2022-12-14 15:55:18.73;jacebenson,edit,sys_script_client,359;/functions/scribe
2022-12-14 15:54:43.173;jacebenson,explain,sys_script_client,306;/functions/scribe
2022-12-14 15:34:19.297;jacebenson,ask,,22;/functions/scribe
2022-12-14 15:13:08.554;jacebenson,,,21;/functions/scribe
2022-12-14 15:12:36.829;jacebenson,,,37;/functions/scribe
2022-12-14 15:12:29.481;jacebenson,,,23;/functions/scribe
2022-12-14 15:04:55.729;noyzmaker,,,183;/functions/scribe
2022-12-14 15:04:48.721;noyzmaker,,,355;/functions/scribe
2022-12-14 15:04:28.628;noyzmaker,,,204;/functions/scribe
2022-12-14 15:02:23.114;noyzmaker,,,217;/functions/scribe
2022-12-14 15:00:49.513;noyzmaker,,,137;/functions/scribe
2022-12-14 15:00:20.288;noyzmaker,,,101;/functions/scribe
2022-12-14 15:00:11.831;noyzmaker,,,256;/functions/scribe
2022-12-14 14:59:42.542;noyzmaker,,,262;/functions/scribe
2022-12-14 14:59:01.685;noyzmaker,,,178;/functions/scribe
2022-12-14 14:58:19.237;noyzmaker,,,129;/functions/scribe
2022-12-14 14:52:33.637;logan.caldwell,,,27;/functions/scribe
2022-12-14 14:52:29.985;noyzmaker,,,427;/functions/scribe
2022-12-14 14:51:49.811;noyzmaker,,,417;/functions/scribe
2022-12-14 14:48:38.711;noyzmaker,,,421;/functions/scribe
2022-12-14 14:39:17.811;mbieldev,,,124;/functions/scribe
2022-12-14 14:38:51.988;mbieldev,,,66;/functions/scribe
2022-12-14 14:18:59.305;logan.caldwell,,,87;/functions/scribe
2022-12-14 14:17:19.043;logan.caldwell,,,41;/functions/scribe
2022-12-14 14:16:29.674;logan.caldwell,,,53;/functions/scribe
2022-12-14 14:16:13.305;logan.caldwell,,,93;/functions/scribe
2022-12-14 11:16:24.1;noyzmaker,,,493;/functions/scribe
2022-12-14 11:14:53.501;noyzmaker,,,1965;/functions/scribe
2022-12-14 11:12:17.798;noyzmaker,,,63;/functions/scribe
2022-12-14 11:11:44.069;noyzmaker,,,83;/functions/scribe
2022-12-14 08:57:27.014;dmytro.suprun,,,1056;/functions/scribe
2022-12-14 08:38:36.494;dmytro.suprun,,,209;/functions/scribe
2022-12-14 08:38:09.982;dmytro.suprun,,,747;/functions/scribe
2022-12-14 07:23:03.689;jacebenson,,,178;/functions/scribe
2022-12-14 07:19:54.591;jacebenson,,,92;/functions/scribe
2022-12-14 07:18:35.845;jacebenson,,,233;/functions/scribe
2022-12-14 07:16:23.008;jacebenson,,,372;/functions/scribe
2022-12-14 07:15:06.625;jacebenson,,,231;/functions/scribe
2022-12-14 07:14:42.118;jacebenson,,,20;/functions/scribe
2022-12-14 06:55:31.843;jacebenson,,,41;/functions/scribe
2022-12-14 06:46:55.505;aravinda.ys,,,142;/functions/scribe
2022-12-14 06:39:57.778;aravinda.ys,,,130;/functions/scribe
2022-12-14 06:39:07.812;aravinda.ys,,,70;/functions/scribe
2022-12-14 06:25:57.839;aravinda.ys,,,355;/functions/scribe
2022-12-14 06:25:47.028;aravinda.ys,,,278;/functions/scribe
2022-12-14 06:25:29.424;aravinda.ys,,,287;/functions/scribe
2022-12-14 06:24:24.221;aravinda.ys,,,2604;/functions/scribe
2022-12-14 06:24:03.378;aravinda.ys,,,2593;/functions/scribe
2022-12-14 06:23:46.199;aravinda.ys,,,2557;/functions/scribe
2022-12-14 06:23:20.66;aravinda.ys,,,2597;/functions/scribe
2022-12-14 06:22:39.7;aravinda.ys,,,2524;/functions/scribe
2022-12-14 06:21:13.742;aravinda.ys,,,89;/functions/scribe
2022-12-14 06:20:44.379;aravinda.ys,,,414;/functions/scribe
2022-12-14 06:17:54.384;aravinda.ys,,,266;/functions/scribe
2022-12-14 06:10:37.322;aravinda.ys,,,77;/functions/scribe
2022-12-14 00:52:23.482;jacebenson,,,18;/functions/scribe
2022-12-14 00:52:14.301;jacebenson,,,18;/functions/scribe
2022-12-14 00:46:52.707;jacebenson,,,197;/functions/scribe
2022-12-14 00:43:50.782;jacebenson,,,77;/functions/scribe
2022-12-14 00:16:17.128;jacebenson,,,26;/functions/scribe
2022-12-14 00:13:11.896;jacebenson,,,49;/functions/scribe
2022-12-13 23:56:55.198;jacebenson,,,9;/functions/scribe
2022-12-13 23:55:57.03;jacebenson,,,14;/functions/scribe
2022-12-13 22:49:40.778;jacebenson,,,14;/functions/scribe
2022-12-13 22:43:20.809;jacebenson,,,80;/functions/scribe
2022-12-13 22:33:25.679;jacebenson,,,237;/functions/scribe
2022-12-13 22:28:59.144;jacebenson,,,175;/functions/scribe
2022-12-13 22:11:03.437;jacebenson,,,218;/functions/scribe
2022-12-13 22:03:12.926;jacebenson,,,19;/functions/scribe
2022-12-13 22:01:15.351;jacebenson,,,50;/functions/scribe
2022-12-13 21:56:54.124;jacebenson,,,247;/functions/scribe
2022-12-13 21:55:57.12;jacebenson,,,171;/functions/scribe
2022-12-13 21:40:30.36;jacebenson,,,175;/functions/scribe
2022-12-13 21:13:17.665;scribemonster,,,58;/functions/scribe
2022-12-13 21:12:52.964;scribemonster,,,51;/functions/scribe
2022-12-13 21:12:21.414;scribemonster,,,77;/functions/scribe
2022-12-13 21:09:04.684;scribemonster,,,515;/functions/scribe
2022-12-13 21:08:13.1;scribemonster,,,388;/functions/scribe
2022-12-13 21:00:18.849;scribemonster,,,234;/functions/scribe
2022-12-13 20:58:33.842;scribemonster,,,255;/functions/scribe
2022-12-13 20:53:51.437;scribemonster,,,113;/functions/scribe
2022-12-13 20:28:59.621;mbieldev,,,120;/functions/scribe
2022-12-13 20:28:48.702;mbieldev,,,274;/functions/scribe
2022-12-13 20:25:37.731;mbieldev,,,133;/functions/scribe
2022-12-13 20:19:50.422;mbieldev,,,126;/functions/scribe
2022-12-13 20:19:25.285;mbieldev,,,210;/functions/scribe
2022-12-13 20:18:59.043;mbieldev,,,249;/functions/scribe
2022-12-13 20:17:14.529;mbieldev,,,117;/functions/scribe
2022-12-13 20:14:55.943;mbieldev,,,70;/functions/scribe
2022-12-13 20:13:40.336;mbieldev,,,205;/functions/scribe
2022-12-13 20:13:01.281;mbieldev,,,64;/functions/scribe
2022-12-13 20:11:52.45;mbieldev,,,127;/functions/scribe
2022-12-13 20:10:45.018;mbieldev,,,154;/functions/scribe
2022-12-13 20:08:52.333;mbieldev,,,265;/functions/scribe
2022-12-13 20:07:53.605;mbieldev,,,58;/functions/scribe
2022-12-13 20:07:02.125;mbieldev,,,51;/functions/scribe
2022-12-13 20:05:17.17;mbieldev,,,101;/functions/scribe
2022-12-13 20:04:08.254;mbieldev,,,101;/functions/scribe
2022-12-13 20:02:07.65;mbieldev,,,161;/functions/scribe
2022-12-13 20:01:13.059;mbieldev,,,101;/functions/scribe
2022-12-13 20:00:35.624;mbieldev,,,95;/functions/scribe
2022-12-13 19:21:07.845;grgisme,,,448;/functions/scribe
2022-12-13 18:51:29.044;jacebenson,,,16;/functions/scribe
2022-12-13 18:51:14.637;jacebenson,,,14;/functions/scribe
2022-12-13 17:23:04.992;Jmh0523,,,116;/functions/scribe
2022-12-13 17:22:15.452;Jmh0523,,,36;/functions/scribe
2022-12-13 17:16:04.856;davenochapelle,,,114;/functions/scribe
2022-12-13 16:20:31.323;jacebenson,,,101;/functions/scribe
2022-12-13 16:19:09.398;jacebenson,,,88;/functions/scribe
2022-12-13 16:18:05.897;jacebenson,,,75;/functions/scribe
2022-12-13 16:03:17.763;jesse.kelly,,,106;/functions/scribe
2022-12-13 16:02:41.309;jesse.kelly,,,82;/functions/scribe
2022-12-13 16:02:19.142;jesse.kelly,,,43;/functions/scribe
2022-12-13 16:01:07.89;jesse.kelly,,,53;/functions/scribe
2022-12-13 16:00:41.165;jesse.kelly,,,56;/functions/scribe
2022-12-13 15:41:23.717;gopal.g,,,92;/functions/scribe
2022-12-13 13:41:40.436;jacebenson,,,39;/functions/scribe
2022-12-13 07:32:47.826;jacebenson,,,299;/functions/scribe
2022-12-13 07:27:06.164;abhishek,,,288;/functions/scribe
2022-12-13 07:25:02.019;jacebenson,,,94;/functions/scribe
2022-12-13 07:24:34.857;jacebenson,,,60;/functions/scribe
2022-12-13 07:24:21.981;jacebenson,,,65;/functions/scribe
2022-12-13 07:24:04.19;jacebenson,,,76;/functions/scribe
2022-12-13 07:23:43.205;jacebenson,,,77;/functions/scribe
2022-12-13 07:23:11.462;jacebenson,,,73;/functions/scribe
2022-12-13 07:22:47.673;jacebenson,,,43;/functions/scribe
2022-12-13 07:22:40.442;abhishek,,,233;/functions/scribe
2022-12-13 07:22:32.691;jacebenson,,,52;/functions/scribe
2022-12-13 07:21:08.153;abhishek,,,215;/functions/scribe
2022-12-13 07:20:27.63;jacebenson,,,57;/functions/scribe
2022-12-13 07:18:14.558;jacebenson,,,58;/functions/scribe
2022-12-13 07:15:52.974;jacebenson,,,24;/functions/scribe
2022-12-13 07:14:39.69;jacebenson,,,30;/functions/scribe
2022-12-13 07:13:20.707;jacebenson,,,60;/functions/scribe
2022-12-13 07:12:14.281;jacebenson,,,79;/functions/scribe
2022-12-13 07:10:10.013;jacebenson,,,86;/functions/scribe
2022-12-13 07:08:20.106;jacebenson,,,26;/functions/scribe
2022-12-13 07:06:35.741;jacebenson,,,11;/functions/scribe
2022-12-13 06:57:32.877;jacebenson,,,47;/functions/scribe
2022-12-13 06:56:52.916;jacebenson,,,29;/functions/scribe
2022-12-13 06:56:20.918;jacebenson,,,26;/functions/scribe
2022-12-13 06:54:05.387;jacebenson,,,20;/functions/scribe
2022-12-13 06:52:35.471;jacebenson,,,22;/functions/scribe
2022-12-13 06:48:13.358;jacebenson,,,14;/functions/scribe
2022-12-13 06:45:27.073;jacebenson,,,21;/functions/scribe
2022-12-13 06:45:10.739;jacebenson,,,21;/functions/scribe
2022-12-13 06:40:02.459;jacebenson,,,21;/functions/scribe
2022-12-13 05:55:28.316;jacebenson,,,165;/functions/scribe
2022-12-13 05:53:29.478;jacebenson,,,149;/functions/scribe
2022-12-13 05:47:31.443;jacebenson,,,88;/functions/scribe
2022-12-13 05:23:35.158;jacebenson,,,99;/functions/scribe
2022-12-13 04:40:15.583;jacebenson,,,20;/functions/scribe
2022-12-13 04:31:52.217;jacebenson,,,23;/functions/scribe
2022-12-13 04:24:40.115;simon.templar,,,462;/functions/scribe
2022-12-13 04:23:43.895;simon.templar,,,314;/functions/scribe
2022-12-13 04:14:12.615;jacebenson,,,150;/functions/scribe
2022-12-13 04:13:54.186;jacebenson,,,103;/functions/scribe
2022-12-13 04:11:27.913;jacebenson,,,167;/functions/scribe
2022-12-13 04:11:08.74;jacebenson,,,128;/functions/scribe
2022-12-13 04:06:43.572;jacebenson,,,29;/functions/scribe
2022-12-13 04:04:18.412;jacebenson,,,16;/functions/scribe
2022-12-13 04:01:03.46;jacebenson,,,16;/functions/scribe
2022-12-13 03:55:04.543;jacebenson,,,188;/functions/scribe
2022-12-13 03:54:59.423;jacebenson,,,401;/functions/scribe
2022-12-13 03:54:22.261;jacebenson,,,401;/functions/scribe
2022-12-13 03:53:56.955;jacebenson,,,71;/functions/scribe
2022-12-13 03:53:24.978;jacebenson,,,23;/functions/scribe
2022-12-13 03:53:06.719;jacebenson,,,455;/functions/scribe
2022-12-13 03:52:51.022;jacebenson,,,99;/functions/scribe
2022-12-13 03:52:01.687;jacebenson,,,99;/functions/scribe
2022-12-13 03:51:43.955;jacebenson,,,296;/functions/scribe
2022-12-13 03:51:31.047;jacebenson,,,24;/functions/scribe
2022-12-13 03:15:43.788;jacebenson,,,107;/functions/scribe
2022-12-13 03:10:10.349;jacebenson,,,152;/functions/scribe
2022-12-13 03:09:25.112;jacebenson,,,172;/functions/scribe
2022-12-13 03:07:16.917;jacebenson,,,173;/functions/scribe
2022-12-13 03:05:02.247;jacebenson,,,297;/functions/scribe
2022-12-13 03:04:04.445;jacebenson,,,514;/functions/scribe
2022-12-13 03:03:22.377;jacebenson,,,509;/functions/scribe
2022-12-13 03:02:48.624;jacebenson,,,17;/functions/scribe
2022-12-13 03:01:58.742;jacebenson,,,99;/functions/scribe
2022-12-13 03:01:02.275;jacebenson,,,23;/functions/scribe
2022-12-13 02:37:49.324;jacebenson,,,378;/functions/scribe
2022-12-13 01:51:47.331;jacebenson,,,106;/functions/scribe
2022-12-12 23:15:28.259;mjaved,,,362;/functions/scribe
2022-12-12 23:14:00.941;jacebenson,,,57;/functions/scribe
2022-12-12 23:13:42.472;mjaved,,,132;/functions/scribe
2022-12-12 23:05:44.014;jacebenson,,,401;/functions/scribe
2022-12-12 22:10:36.242;WitchDoctor,,,243;/functions/scribe
2022-12-12 22:07:10.169;WitchDoctor,,,236;/functions/scribe
2022-12-12 22:04:33.195;WitchDoctor,,,361;/functions/scribe
2022-12-12 22:01:16.128;WitchDoctor,,,239;/functions/scribe
2022-12-12 22:00:35.862;jacebenson,,,110;/functions/scribe
2022-12-12 22:00:03.808;jacebenson,,,128;/functions/scribe
2022-12-12 21:59:52.133;WitchDoctor,,,199;/functions/scribe
2022-12-12 21:58:38.747;jacebenson,,,147;/functions/scribe
2022-12-12 21:57:09.076;WitchDoctor,,,3178;/functions/scribe
2022-12-12 21:35:48.988;jacebenson,,,122;/functions/scribe
2022-12-12 21:32:23.142;jacebenson,,,79;/functions/scribe
2022-12-12 20:44:53.341;mglaich,,,140;/functions/scribe
2022-12-12 20:43:24.799;mglaich,,,116;/functions/scribe
2022-12-12 20:41:50.718;mglaich,,,2634;/functions/scribe
2022-12-12 19:37:01.113;richard.zajdler,,,531;/functions/scribe
2022-12-12 19:35:24.43;richard.zajdler,,,878;/functions/scribe
2022-12-12 19:33:06.795;richard.zajdler,,,266;/functions/scribe
2022-12-12 19:23:21.963;richard.zajdler,,,147;/functions/scribe
2022-12-12 19:20:40.395;richard.zajdler,,,535;/functions/scribe
2022-12-12 19:19:35.323;richard.zajdler,,,514;/functions/scribe
2022-12-12 17:55:23.27;jacebenson,,,125;/functions/scribe
2022-12-12 17:55:04.404;jacebenson,,,205;/functions/scribe
2022-12-12 17:54:54.661;jacebenson,,,126;/functions/scribe
2022-12-12 17:40:34.069;jacebenson,,,147;/functions/scribe
2022-12-12 17:29:13.162;jacebenson,,,187;/functions/scribe
2022-12-12 17:27:48.41;jacebenson,,,135;/functions/scribe
2022-12-12 15:17:42.173;grgisme,,,131;/functions/scribe
2022-12-12 11:25:37.048;dvn21,,,621;/functions/scribe
2022-12-12 11:02:50.945;am_shakeel,,,503;/functions/scribe
2022-12-12 11:01:26.429;am_shakeel,,,331;/functions/scribe
2022-12-12 10:59:53.725;mrwalakala,,,105;/functions/scribe
2022-12-12 10:59:42.336;mrwalakala,,,66;/functions/scribe
2022-12-12 10:59:15.07;mrwalakala,,,105;/functions/scribe
2022-12-12 10:59:04.727;mrwalakala,,,74;/functions/scribe
2022-12-12 10:58:03.221;mrwalakala,,,54;/functions/scribe
2022-12-12 10:57:42.283;mrwalakala,,,77;/functions/scribe
2022-12-12 10:55:19.59;mrwalakala,,,67;/functions/scribe
2022-12-12 08:22:07.902;Ricow,,,125;/functions/scribe
2022-12-12 08:20:53.774;Ricow,,,177;/functions/scribe
2022-12-12 08:20:02.866;Ricow,,,156;/functions/scribe
2022-12-12 08:16:35.884;Ricow,,,103;/functions/scribe
2022-12-12 08:15:36.539;Ricow,,,104;/functions/scribe
2022-12-12 06:54:37.372;RahmanM,,,1046;/functions/scribe
2022-12-12 06:54:01.316;RahmanM,,,543;/functions/scribe
2022-12-12 06:53:24.258;RahmanM,,,543;/functions/scribe
2022-12-11 23:58:35.728;jacebenson,,,200;/functions/scribe
2022-12-11 20:17:12.179;jacebenson,,,189;/functions/scribe
2022-12-11 20:15:50.795;jacebenson,,,206;/functions/scribe
2022-12-11 20:10:53.066;jacebenson,,,194;/functions/scribe
2022-12-11 20:04:08.108;jacebenson,,,212;/functions/scribe
2022-12-11 20:00:47.872;jacebenson,,,189;/functions/scribe
2022-12-11 19:55:03.65;jacebenson,,,192;/functions/scribe
2022-12-11 19:53:53.556;jacebenson,,,208;/functions/scribe
2022-12-11 19:52:23.498;jacebenson,,,194;/functions/scribe
2022-12-11 19:48:25.485;jacebenson,,,191;/functions/scribe
2022-12-11 18:20:00.188;edomessi,,,838;/functions/scribe
2022-12-11 18:18:34.245;edomessi,,,292;/functions/scribe
2022-12-11 17:40:17.375;Dolo,,,286;/functions/scribe
2022-12-11 08:31:26.682;shaoservicenow,,,153;/functions/scribe
2022-12-11 08:30:41.19;shaoservicenow,,,179;/functions/scribe
2022-12-11 08:30:24.964;shaoservicenow,,,107;/functions/scribe
2022-12-11 07:53:33.295;jacebenson,,,205;/functions/scribe
2022-12-11 07:52:55.816;jacebenson,,,187;/functions/scribe
2022-12-11 07:50:01.22;jacebenson,,,261;/functions/scribe
2022-12-11 07:45:36.927;jacebenson,,,200;/functions/scribe
2022-12-11 07:44:27.818;jacebenson,,,208;/functions/scribe
2022-12-11 07:41:28.695;jacebenson,,,190;/functions/scribe
2022-12-11 07:41:21.693;jacebenson,,,249;/functions/scribe
2022-12-11 07:41:08.541;jacebenson,,,262;/functions/scribe
2022-12-11 07:40:23.958;jacebenson,,,196;/functions/scribe
2022-12-11 07:34:33.653;jacebenson,,,183;/functions/scribe
2022-12-11 07:34:21.076;jacebenson,,,194;/functions/scribe
2022-12-11 07:32:53.206;jacebenson,,,194;/functions/scribe
2022-12-11 07:31:31.167;jacebenson,,,253;/functions/scribe
2022-12-11 07:30:41.282;jacebenson,,,219;/functions/scribe
2022-12-11 07:30:32.493;jacebenson,,,207;/functions/scribe
2022-12-11 07:29:37.293;jacebenson,,,224;/functions/scribe
2022-12-11 07:29:30.635;jacebenson,,,178;/functions/scribe
2022-12-11 07:29:26.203;jacebenson,,,187;/functions/scribe
2022-12-11 07:29:18.759;jacebenson,,,197;/functions/scribe
2022-12-11 07:29:03.072;jacebenson,,,242;/functions/scribe
2022-12-11 05:25:52.259;jacebenson,,,279;/functions/scribe
2022-12-11 05:05:37.274;kenny.g,,,672;/functions/scribe
2022-12-11 05:01:51.21;kenny.g,,,672;/functions/scribe
2022-12-11 05:00:54.628;kenny.g,,,486;/functions/scribe
2022-12-10 23:58:38.061;jacebenson,,,316;/functions/scribe
2022-12-10 23:58:27.356;jacebenson,,,545;/functions/scribe
2022-12-10 23:56:26.757;jacebenson,,,334;/functions/scribe
2022-12-10 23:42:02.714;jacebenson,,,413;/functions/scribe
2022-12-10 23:35:28.058;jacebenson,,,597;/functions/scribe
2022-12-10 23:25:50.354;jacebenson,,,365;/functions/scribe
2022-12-10 23:23:38.035;jacebenson,,,423;/functions/scribe
2022-12-10 22:56:54.829;jacebenson,,,396;/functions/scribe
2022-12-10 22:54:50.656;jacebenson,,,418;/functions/scribe
2022-12-10 22:54:40.172;jacebenson,,,312;/functions/scribe
2022-12-10 22:52:32.433;jacebenson,,,317;/functions/scribe
2022-12-10 22:46:17.242;jacebenson,,,330;/functions/scribe
2022-12-10 22:40:42.421;jacebenson,,,548;/functions/scribe
2022-12-10 22:37:59.729;jacebenson,,,328;/functions/scribe
2022-12-10 22:36:56.584;jacebenson,,,324;/functions/scribe
2022-12-10 21:54:47.728;chrisp28103,,,630;/functions/scribe
2022-12-10 21:54:30.675;chrisp28103,,,585;/functions/scribe
2022-12-10 21:06:53.689;jacebenson,,,1009;/functions/scribe
2022-12-10 21:05:47.312;jacebenson,,,625;/functions/scribe
2022-12-10 20:26:55.649;jacebenson,,,429;/functions/scribe
2022-12-10 17:02:29.327;kenny.g,,,478;/functions/scribe
2022-12-10 17:00:35.881;kenny.g,,,485;/functions/scribe
2022-12-10 16:59:41.762;kenny.g,,,485;/functions/scribe
2022-12-10 16:36:55.51;kenny.g,,,394;/functions/scribe
2022-12-10 16:11:58.719;kenny.g,,,410;/functions/scribe
2022-12-10 16:11:16.287;kenny.g,,,288;/functions/scribe
2022-12-10 16:02:33.592;kenny.g,,,389;/functions/scribe
2022-12-10 15:55:52.063;kenny.g,,,357;/functions/scribe
2022-12-10 15:24:04.931;kenny.g,,,438;/functions/scribe
2022-12-10 15:22:54.924;kenny.g,,,414;/functions/scribe
2022-12-10 10:52:42.587;amansingh.30025,,,88;/functions/scribe
2022-12-10 10:52:40.452;amansingh.30025,,,101;/functions/scribe
2022-12-10 10:52:04.55;amansingh.30025,,,74;/functions/scribe
2022-12-10 10:51:50.316;amansingh.30025,,,198;/functions/scribe
2022-12-10 10:51:49.91;amansingh.30025,,,236;/functions/scribe
2022-12-10 10:51:47.452;amansingh.30025,,,190;/functions/scribe
2022-12-10 10:51:29.26;amansingh.30025,,,352;/functions/scribe
2022-12-10 10:51:28.61;amansingh.30025,,,339;/functions/scribe
2022-12-10 10:49:59.681;amansingh.30025,,,377;/functions/scribe
2022-12-10 10:49:59.568;amansingh.30025,,,337;/functions/scribe
2022-12-10 10:49:58.136;amansingh.30025,,,351;/functions/scribe
2022-12-10 10:49:10.885;amansingh.30025,,,218;/functions/scribe
2022-12-10 10:49:10.59;amansingh.30025,,,198;/functions/scribe
2022-12-10 10:49:09.451;amansingh.30025,,,163;/functions/scribe
2022-12-10 08:35:47.765;jacebenson,,,129;/functions/scribe
2022-12-10 08:35:37.519;jacebenson,,,83;/functions/scribe
2022-12-10 08:35:23.108;jacebenson,,,81;/functions/scribe
2022-12-10 08:34:51.699;jacebenson,,,46;/functions/scribe
2022-12-10 08:32:37.942;jacebenson,,,42;/functions/scribe
2022-12-10 08:32:25.434;jacebenson,,,424;/functions/scribe
2022-12-10 08:29:21.962;jacebenson,,,237;/functions/scribe
2022-12-10 08:28:38.259;jacebenson,,,52;/functions/scribe
2022-12-10 08:28:21.094;jacebenson,,,558;/functions/scribe
2022-12-10 08:27:45.395;jacebenson,,,240;/functions/scribe
2022-12-10 08:27:27.111;jacebenson,,,357;/functions/scribe
2022-12-10 08:27:11.179;jacebenson,,,463;/functions/scribe
2022-12-10 08:20:37.19;jacebenson,,,46;/functions/scribe
2022-12-10 08:13:58.814;jacebenson,,,137;/functions/scribe
2022-12-10 08:02:32.609;jacebenson,,,122;/functions/scribe
2022-12-10 08:02:11.907;jacebenson,,,171;/functions/scribe
2022-12-10 08:01:31.49;jacebenson,,,111;/functions/scribe
2022-12-10 08:01:07.676;jacebenson,,,161;/functions/scribe
2022-12-10 07:51:04.721;jacebenson,,,237;/functions/scribe
2022-12-10 07:49:57.851;jacebenson,,,102;/functions/scribe
2022-12-10 07:49:28.263;jacebenson,,,120;/functions/scribe
2022-12-10 07:48:24.973;jacebenson,,,122;/functions/scribe
2022-12-10 07:47:46.877;jacebenson,,,114;/functions/scribe
2022-12-10 07:47:37.513;jacebenson,,,113;/functions/scribe
2022-12-10 07:47:11.794;jacebenson,,,96;/functions/scribe
2022-12-10 07:46:20.143;jacebenson,,,95;/functions/scribe
2022-12-10 07:45:43.592;jacebenson,,,205;/functions/scribe
2022-12-10 07:44:01.49;jacebenson,,,201;/functions/scribe
2022-12-10 07:33:30.386;jacebenson,,,173;/functions/scribe
2022-12-10 07:33:23.085;jacebenson,,,184;/functions/scribe
2022-12-10 07:33:11.938;jacebenson,,,155;/functions/scribe
2022-12-10 07:32:27.395;jacebenson,,,127;/functions/scribe
2022-12-10 07:31:38.525;jacebenson,,,172;/functions/scribe
2022-12-10 07:31:32.072;jacebenson,,,173;/functions/scribe
2022-12-10 07:31:27.158;jacebenson,,,158;/functions/scribe
2022-12-10 07:31:19.375;jacebenson,,,175;/functions/scribe
2022-12-10 07:31:10.577;jacebenson,,,134;/functions/scribe
2022-12-10 07:30:47.021;jacebenson,,,154;/functions/scribe
2022-12-10 07:29:50.172;jacebenson,,,143;/functions/scribe
2022-12-10 07:29:35.94;jacebenson,,,190;/functions/scribe
2022-12-10 07:29:09.429;jacebenson,,,104;/functions/scribe
2022-12-10 07:29:05.016;jacebenson,,,630;/functions/scribe
2022-12-10 07:27:43.188;jacebenson,,,181;/functions/scribe
2022-12-10 07:27:15.699;jacebenson,,,181;/functions/scribe
2022-12-10 07:26:29.837;jacebenson,,,72;/functions/scribe
2022-12-10 07:26:13.485;jacebenson,,,72;/functions/scribe
2022-12-10 07:25:58.131;jacebenson,,,72;/functions/scribe
2022-12-10 07:25:42.361;jacebenson,,,45;/functions/scribe
2022-12-10 07:25:19.231;jacebenson,,,72;/functions/scribe
2022-12-10 07:24:56.99;jacebenson,,,72;/functions/scribe
2022-12-10 07:24:45.938;jacebenson,,,72;/functions/scribe
2022-12-10 07:24:16.029;jacebenson,,,45;/functions/scribe
2022-12-10 07:24:08.349;jacebenson,,,47;/functions/scribe
2022-12-10 07:23:56.492;jacebenson,,,40;/functions/scribe
2022-12-10 07:23:16.431;jacebenson,,,32;/functions/scribe
2022-12-10 07:23:03.025;jacebenson,,,32;/functions/scribe
2022-12-10 07:22:26.766;jacebenson,,,32;/functions/scribe
2022-12-10 07:22:24.214;jacebenson,,,32;/functions/scribe
2022-12-10 07:21:54.817;jacebenson,,,32;/functions/scribe
2022-12-10 07:21:06.692;jacebenson,,,68;/functions/scribe
2022-12-10 07:20:43.651;jacebenson,,,223;/functions/scribe
2022-12-10 07:20:27.324;jacebenson,,,234;/functions/scribe
2022-12-10 07:20:07.808;jacebenson,,,83;/functions/scribe
2022-12-10 07:20:02.518;jacebenson,,,68;/functions/scribe
2022-12-10 07:19:38.735;jacebenson,,,55;/functions/scribe
2022-12-10 07:18:45.59;jacebenson,,,111;/functions/scribe
2022-12-10 07:16:27.243;jacebenson,,,66;/functions/scribe
2022-12-10 07:16:15.071;jacebenson,,,632;/functions/scribe
2022-12-10 07:15:55.089;jacebenson,,,633;/functions/scribe
2022-12-10 07:15:16.28;jacebenson,,,634;/functions/scribe
2022-12-10 07:14:59.179;jacebenson,,,134;/functions/scribe
2022-12-10 07:12:15.738;jacebenson,,,163;/functions/scribe
2022-12-10 07:09:53.604;jacebenson,,,146;/functions/scribe
2022-12-10 07:09:46.23;jacebenson,,,632;/functions/scribe
2022-12-10 07:09:17.56;jacebenson,,,172;/functions/scribe
2022-12-10 07:08:12.128;jacebenson,,,99;/functions/scribe
2022-12-10 07:05:44.272;jacebenson,,,98;/functions/scribe
2022-12-10 05:25:18.702;kenny.g,,,226;/functions/scribe
2022-12-10 05:02:30.933;kenny.g,,,150;/functions/scribe
2022-12-10 04:44:21.933;am_shakeel,,,387;/functions/scribe
2022-12-10 04:42:38.168;am_shakeel,,,223;/functions/scribe
2022-12-10 04:41:59.087;am_shakeel,,,2459;/functions/scribe
2022-12-10 04:41:22.921;am_shakeel,,,1374;/functions/scribe
2022-12-10 04:25:15.993;am_shakeel,,,432;/functions/scribe
2022-12-10 04:10:40.617;am_shakeel,,,337;/functions/scribe
2022-12-10 04:10:06.109;am_shakeel,,,376;/functions/scribe
2022-12-10 04:09:43.253;am_shakeel,,,310;/functions/scribe
2022-12-10 04:01:27.136;am_shakeel,,,338;/functions/scribe
2022-12-10 04:00:20.408;am_shakeel,,,216;/functions/scribe
2022-12-10 03:43:14.833;jacebenson,,,3324;/functions/scribe
2022-12-10 01:33:43.451;erik.anderson,,,416;/functions/scribe
2022-12-10 01:31:24.406;erik.anderson,,,135;/functions/scribe
2022-12-10 01:30:27.66;erik.anderson,,,275;/functions/scribe
2022-12-10 01:27:04.403;erik.anderson,,,274;/functions/scribe
2022-12-10 01:26:26.583;erik.anderson,,,305;/functions/scribe
2022-12-10 01:26:04.768;erik.anderson,,,239;/functions/scribe
2022-12-09 22:55:31.762;catwood2,,,1044;/functions/scribe
2022-12-09 22:18:21.646;catwood2,,,1050;/functions/scribe
2022-12-09 22:17:55.245;catwood2,,,933;/functions/scribe
2022-12-09 22:16:53.326;catwood2,,,645;/functions/scribe
2022-12-09 20:27:22.561;max,,,50;/functions/scribe
2022-12-09 20:27:15.375;max,,,49;/functions/scribe
2022-12-09 20:27:06.599;max,,,47;/functions/scribe
2022-12-09 20:26:55.575;max,,,47;/functions/scribe
2022-12-09 20:26:46.122;max,,,47;/functions/scribe
2022-12-09 20:24:50.328;max,,,182;/functions/scribe
2022-12-09 20:24:04.948;max,,,175;/functions/scribe
2022-12-09 20:22:09.269;max,,,167;/functions/scribe
2022-12-09 20:21:50.981;max,,,178;/functions/scribe
2022-12-09 20:20:39.527;max,,,196;/functions/scribe
2022-12-09 20:19:26.547;max,,,142;/functions/scribe
2022-12-09 20:17:14.049;max,,,152;/functions/scribe
2022-12-09 20:16:53.974;max,,,114;/functions/scribe
2022-12-09 20:16:19.153;max,,,106;/functions/scribe
2022-12-09 20:15:39.304;max,,,135;/functions/scribe
2022-12-09 20:15:09.436;max,,,88;/functions/scribe
2022-12-09 20:14:53.985;max,,,84;/functions/scribe
2022-12-09 20:13:51.864;max,,,127;/functions/scribe
2022-12-09 20:11:17.252;max,,,128;/functions/scribe
2022-12-09 20:10:32.94;max,,,156;/functions/scribe
2022-12-09 20:09:57.657;max,,,56;/functions/scribe
2022-12-09 20:09:43.365;max,,,75;/functions/scribe
2022-12-09 20:09:17.002;max,,,115;/functions/scribe
2022-12-09 17:19:34.08;rcastillo,,,97;/functions/scribe
2022-12-09 17:19:14.584;rcastillo,,,101;/functions/scribe
2022-12-09 17:19:01.609;rcastillo,,,101;/functions/scribe
2022-12-09 17:18:23.102;rcastillo,,,79;/functions/scribe
2022-12-09 17:15:18.501;rcastillo,,,109;/functions/scribe
2022-12-09 17:14:41.599;rcastillo,,,79;/functions/scribe
2022-12-09 17:04:35.297;rcastillo,,,148;/functions/scribe
2022-12-09 17:04:06.802;rcastillo,,,112;/functions/scribe
2022-12-09 17:03:21.3;rcastillo,,,104;/functions/scribe
2022-12-09 17:02:39.988;rcastillo,,,83;/functions/scribe
2022-12-09 17:02:30.245;rcastillo,,,109;/functions/scribe
2022-12-09 17:01:56.84;rcastillo,,,111;/functions/scribe
2022-12-09 17:01:25.216;rcastillo,,,78;/functions/scribe
2022-12-09 16:57:44.211;rcastillo,,,234;/functions/scribe
2022-12-09 16:57:00.144;rcastillo,,,329;/functions/scribe
2022-12-09 16:53:58.69;rcastillo,,,110;/functions/scribe
2022-12-09 16:53:19.987;rcastillo,,,114;/functions/scribe
2022-12-09 16:53:10.584;rcastillo,,,108;/functions/scribe
2022-12-09 16:52:30.243;rcastillo,,,85;/functions/scribe
2022-12-09 16:43:47.721;rcastillo,,,474;/functions/scribe
2022-12-09 16:43:01.01;rcastillo,,,474;/functions/scribe
2022-12-09 16:41:45.186;rcastillo,,,475;/functions/scribe
2022-12-09 16:41:24.358;rcastillo,,,475;/functions/scribe
2022-12-09 16:41:09.917;rcastillo,,,476;/functions/scribe
2022-12-09 16:38:47.119;rcastillo,,,453;/functions/scribe
2022-12-09 16:37:29.294;rcastillo,,,417;/functions/scribe
2022-12-09 16:36:04.972;rcastillo,,,416;/functions/scribe
2022-12-09 16:34:56.775;rcastillo,,,440;/functions/scribe
2022-12-09 16:33:12.825;rcastillo,,,420;/functions/scribe
2022-12-09 16:32:27.181;rcastillo,,,412;/functions/scribe
2022-12-09 16:31:40.297;rcastillo,,,277;/functions/scribe
2022-12-09 16:30:47.734;rcastillo,,,583;/functions/scribe
2022-12-09 16:30:24.071;rcastillo,,,236;/functions/scribe
2022-12-09 16:29:23.629;rcastillo,,,251;/functions/scribe
2022-12-09 16:27:11.571;rcastillo,,,120;/functions/scribe
2022-12-09 16:02:46.594;rcastillo,,,111;/functions/scribe
2022-12-09 16:02:15.512;rcastillo,,,87;/functions/scribe
2022-12-09 15:56:17.292;mjonsson,,,100;/functions/scribe
2022-12-09 15:55:31.098;mjonsson,,,94;/functions/scribe
2022-12-09 15:53:41.641;mjonsson,,,124;/functions/scribe
2022-12-09 15:24:53.525;max,,,131;/functions/scribe
2022-12-09 15:24:39.49;max,,,51;/functions/scribe
2022-12-09 06:54:14.803;jacebenson,,,362;/functions/scribe
2022-12-09 06:53:38.274;jacebenson,,,353;/functions/scribe
2022-12-09 06:53:14.102;jacebenson,,,186;/functions/scribe
2022-12-09 06:52:55.562;jacebenson,,,187;/functions/scribe
2022-12-09 06:52:16.653;jacebenson,,,187;/functions/scribe
2022-12-09 06:51:42.147;jacebenson,,,273;/functions/scribe
2022-12-09 05:54:05.212;jacebenson,,,484;/functions/scribe
2022-12-09 05:52:28.998;jacebenson,,,449;/functions/scribe
2022-12-09 05:52:04.63;jacebenson,,,478;/functions/scribe
2022-12-09 05:50:38.101;jacebenson,,,222;/functions/scribe
2022-12-09 05:48:43.206;jacebenson,,,221;/functions/scribe
2022-12-09 05:42:49.715;jacebenson,,,221;/functions/scribe
2022-12-09 05:39:21.636;jacebenson,,,193;/functions/scribe
2022-12-09 05:37:34.62;jacebenson,,,98;/functions/scribe
2022-12-09 05:36:57.555;jacebenson,,,433;/functions/scribe
2022-12-09 05:34:18.062;jacebenson,,,490;/functions/scribe
2022-12-09 05:32:34.963;jacebenson,,,288;/functions/scribe
2022-12-09 05:32:19.024;jacebenson,,,350;/functions/scribe
2022-12-09 05:32:03.873;jacebenson,,,245;/functions/scribe
2022-12-09 05:29:41.129;jacebenson,,,196;/functions/scribe
2022-12-09 05:29:14.498;jacebenson,,,198;/functions/scribe
2022-12-09 05:29:08.665;jacebenson,,,198;/functions/scribe
2022-12-09 05:28:53.409;jacebenson,,,198;/functions/scribe
2022-12-09 05:28:32.823;jacebenson,,,139;/functions/scribe
2022-12-09 05:28:04.255;jacebenson,,,139;/functions/scribe
2022-12-09 05:22:09.13;jacebenson,,,76;/functions/scribe
2022-12-09 05:21:18.757;jacebenson,,,76;/functions/scribe
2022-12-09 05:09:29.887;jacebenson,,,3655;/functions/scribe
2022-12-09 05:08:44.106;jacebenson,,,3655;/functions/scribe
2022-12-09 04:03:03.788;jacebenson,,,220;/functions/scribe
2022-12-09 04:02:49.445;jacebenson,,,99;/functions/scribe
2022-12-09 03:49:48.42;jacebenson,,,76;/functions/scribe
2022-12-09 03:45:53.14;jacebenson,,,186;/functions/scribe
2022-12-09 03:40:21.125;jacebenson,,,1592;/functions/scribe
2022-12-09 03:37:32.459;jacebenson,,,158;/functions/scribe
2022-12-09 03:17:19.622;scribe.monster,,,183;/functions/scribe
2022-12-09 02:55:09.444;scribe.monster,,,97;/functions/scribe
2022-12-09 02:54:26.31;scribe.monster,,,195;/functions/scribe
2022-12-09 02:53:56.117;scribe.monster,,,187;/functions/scribe
2022-12-09 02:53:50.05;scribe.monster,,,286;/functions/scribe
2022-12-09 02:52:48.609;scribe.monster,,,309;/functions/scribe
2022-12-09 01:51:56.554;jacebenson,,,165;/functions/scribe
2022-12-09 01:51:41.148;jacebenson,,,59;/functions/scribe
2022-12-09 01:51:23.784;jacebenson,,,59;/functions/scribe
2022-12-09 01:51:08.479;jacebenson,,,58;/functions/scribe
2022-12-09 01:50:48.698;jacebenson,,,80;/functions/scribe
2022-12-09 01:50:34.098;jacebenson,,,59;/functions/scribe
2022-12-09 01:48:56.727;jacebenson,,,58;/functions/scribe
2022-12-09 01:07:49.982;jacebenson,,,58;/functions/scribe
2022-12-09 00:57:50.734;jacebenson,,,58;/functions/scribe
2022-12-09 00:57:39.604;jacebenson,,,76;/functions/scribe
2022-12-09 00:57:27.362;jacebenson,,,58;/functions/scribe
2022-12-09 00:57:22.556;jacebenson,,,58;/functions/scribe
2022-12-08 23:34:52.797;jacebenson,,,58;/functions/scribe
2022-12-08 23:34:45.111;jacebenson,,,58;/functions/scribe
2022-12-08 23:33:03.953;jacebenson,,,58;/functions/scribe
2022-12-08 22:56:47.084;mb,,,85;/functions/scribe
2022-12-08 22:55:04.169;mb,,,66;/functions/scribe
2022-12-08 22:53:12.327;jacebenson,,,161;/functions/scribe
2022-12-08 22:51:48.936;mb,,,131;/functions/scribe
2022-12-08 22:49:46.814;mb,,,95;/functions/scribe
2022-12-08 22:48:30.418;jacebenson,,,159;/functions/scribe
2022-12-08 22:45:53.366;jacebenson,,,204;/functions/scribe
2022-12-08 22:45:14.735;mb,,,145;/functions/scribe
2022-12-08 22:44:54.969;jacebenson,,,161;/functions/scribe
2022-12-08 22:44:05.952;mb,,,121;/functions/scribe
2022-12-08 22:42:53.265;mb,,,52;/functions/scribe
2022-12-08 22:31:41.325;mb,,,136;/functions/scribe
2022-12-08 22:31:06.266;mb,,,158;/functions/scribe
2022-12-08 22:18:06.425;jacebenson,,,144;/functions/scribe
2022-12-08 22:17:42.873;jacebenson,,,159;/functions/scribe
2022-12-08 22:17:02.536;jacebenson,,,161;/functions/scribe
2022-12-08 22:14:32.431;jacebenson,,,197;/functions/scribe
2022-12-08 21:48:15.38;jacebenson,,,719;/functions/scribe
2022-12-08 21:43:16.206;jacebenson,,,1357;/functions/scribe
2022-12-08 21:42:49.531;jacebenson,,,1381;/functions/scribe
2022-12-08 21:25:24.548;jacebenson,,,119;/functions/scribe
2022-12-08 21:17:39.924;jacebenson,,,48;/functions/scribe
2022-12-08 21:15:20.438;jacebenson,,,73;/functions/scribe
2022-12-08 21:09:56.374;kevin.eldridge,,,78;/functions/scribe
2022-12-08 21:00:04.312;kevin.eldridge,,,212;/functions/scribe
2022-12-08 18:00:54.633;jacebenson,,,68;/functions/scribe
2022-12-08 18:00:18.373;jacebenson,,,172;/functions/scribe
2022-12-08 17:59:46.386;jacebenson,,,71;/functions/scribe
2022-12-08 17:59:25.884;jacebenson,,,65;/functions/scribe
2022-12-08 17:58:55.387;jacebenson,,,120;/functions/scribe
2022-12-08 17:58:32.359;jacebenson,,,82;/functions/scribe
2022-12-08 17:58:07.78;jacebenson,,,87;/functions/scribe
2022-12-08 17:57:40.228;jacebenson,,,79;/functions/scribe
2022-12-08 17:54:28.765;jacebenson,,,78;/functions/scribe
2022-12-08 17:53:53.976;jacebenson,,,78;/functions/scribe
2022-12-08 17:17:07.736;jacebenson,,,235;/functions/scribe
2022-12-08 16:22:54.031;jeffl,,,253;/functions/scribe
2022-12-08 16:21:43.497;jeffl,,,77;/functions/scribe
2022-12-08 16:19:36.497;jeffl,,,60;/functions/scribe
2022-12-08 16:18:50.939;jeffl,,,83;/functions/scribe
2022-12-08 16:17:48.98;jeffl,,,128;/functions/scribe
2022-12-08 16:16:15.208;jeffl,,,64;/functions/scribe
2022-12-08 16:15:51.872;jeffl,,,64;/functions/scribe
2022-12-08 16:15:43.028;jeffl,,,64;/functions/scribe
2022-12-08 16:15:20.061;jeffl,,,73;/functions/scribe
2022-12-08 16:14:41.283;jeffl,,,68;/functions/scribe
2022-12-08 16:09:05.049;jeffl,,,29;/functions/scribe
2022-12-08 16:07:11.335;jeffl,,,72;/functions/scribe
2022-12-08 16:06:19.097;jeffl,,,72;/functions/scribe
2022-12-08 16:04:14.919;jacebenson,,,424;/functions/scribe
2022-12-08 16:03:32.527;jacebenson,,,315;/functions/scribe
2022-12-08 16:02:47.943;jacebenson,,,202;/functions/scribe
2022-12-08 16:02:14.499;jacebenson,,,234;/functions/scribe
2022-12-08 16:01:16.725;jacebenson,,,202;/functions/scribe
2022-12-08 15:59:23.105;jacebenson,,,211;/functions/scribe
2022-12-08 10:41:18.654;anders.figenschow,,,86;/functions/scribe
2022-12-08 10:40:58.816;anders.figenschow,,,86;/functions/scribe
2022-12-08 10:40:46.847;anders.figenschow,,,63;/functions/scribe
2022-12-08 10:40:14.03;anders.figenschow,,,63;/functions/scribe
2022-12-08 10:39:35.89;anders.figenschow,,,76;/functions/scribe
2022-12-08 10:39:20.714;anders.figenschow,,,64;/functions/scribe
2022-12-08 10:39:01.21;anders.figenschow,,,63;/functions/scribe
2022-12-08 10:38:35.424;anders.figenschow,,,50;/functions/scribe
2022-12-08 10:33:22.081;anders.figenschow,,,115;/functions/scribe
2022-12-08 10:33:09.381;anders.figenschow,,,144;/functions/scribe
2022-12-08 10:32:32.348;anders.figenschow,,,68;/functions/scribe
2022-12-08 10:31:30.105;anders.figenschow,,,62;/functions/scribe
2022-12-08 09:48:07.284;anders.figenschow,,,308;/functions/scribe
2022-12-08 09:47:11.012;anders.figenschow,,,245;/functions/scribe
2022-12-08 09:46:52.518;anders.figenschow,,,283;/functions/scribe
2022-12-08 09:44:30.575;anders.figenschow,,,125;/functions/scribe
2022-12-08 09:43:35.812;anders.figenschow,,,158;/functions/scribe
2022-12-08 08:09:03.786;jacebenson,,,206;/functions/scribe
2022-12-08 08:08:30.684;jacebenson,,,34;/functions/scribe
2022-12-08 08:07:44.756;jacebenson,,,124;/functions/scribe
2022-12-08 07:46:02.579;anders.figenschow,,,1086;/functions/scribe
2022-12-08 07:44:49.728;anders.figenschow,,,834;/functions/scribe
2022-12-08 07:37:44.265;jacebenson,,,263;/functions/scribe
2022-12-08 07:33:46.151;jacebenson,,,291;/functions/scribe
2022-12-08 06:53:14.696;jacebenson,,,79;/functions/scribe
2022-12-08 06:52:30.526;jacebenson,,,480;/functions/scribe
2022-12-08 06:51:57.878;jacebenson,,,312;/functions/scribe
2022-12-08 06:51:15.652;jacebenson,,,418;/functions/scribe
2022-12-08 06:50:43.388;jacebenson,,,195;/functions/scribe
2022-12-08 06:50:18.262;jacebenson,,,195;/functions/scribe
2022-12-08 06:49:32.251;jacebenson,,,273;/functions/scribe
2022-12-08 06:42:57.965;jacebenson,,,298;/functions/scribe
2022-12-08 06:40:17.969;jacebenson,,,149;/functions/scribe
2022-12-08 06:39:58.119;jacebenson,,,148;/functions/scribe
2022-12-08 06:39:29.414;jacebenson,,,77;/functions/scribe
2022-12-08 06:37:35.282;jacebenson,,,45;/functions/scribe
2022-12-08 06:31:29.261;jacebenson,,,74;/functions/scribe
2022-12-08 06:16:51.565;jacebenson,,,467;/functions/scribe
2022-12-08 06:16:01.926;jacebenson,,,590;/functions/scribe
2022-12-08 06:14:19.714;jacebenson,,,582;/functions/scribe
2022-12-08 06:11:31.51;jacebenson,,,585;/functions/scribe
2022-12-08 06:09:21.817;jacebenson,,,600;/functions/scribe
2022-12-08 06:07:36.183;jacebenson,,,608;/functions/scribe
2022-12-08 05:59:09.195;jacebenson,,,67;/functions/scribe
2022-12-08 05:58:09.907;jacebenson,,,189;/functions/scribe
2022-12-08 05:57:10.519;jacebenson,,,140;/functions/scribe
2022-12-08 05:56:45.635;jacebenson,,,139;/functions/scribe
2022-12-08 05:56:26.805;jacebenson,,,145;/functions/scribe
2022-12-08 05:56:13.485;jacebenson,,,145;/functions/scribe
2022-12-08 05:54:13.114;jacebenson,,,173;/functions/scribe
2022-12-08 05:53:59.024;jacebenson,,,64;/functions/scribe
2022-12-08 05:50:31.594;jacebenson,,,71;/functions/scribe
2022-12-08 05:50:19.2;jacebenson,,,67;/functions/scribe
2022-12-08 05:49:59.656;jacebenson,,,67;/functions/scribe
2022-12-08 05:49:32.151;jacebenson,,,127;/functions/scribe
2022-12-08 05:49:08.233;jacebenson,,,141;/functions/scribe
2022-12-08 05:48:31.017;jacebenson,,,148;/functions/scribe
2022-12-08 01:55:57.549;jacebenson,,,184;/functions/scribe
2022-12-08 01:50:39.36;jacebenson,,,508;/functions/scribe
